card_number_masked,cardholder,exp_date,billing_state,email,total_spend_2024
5105-xxxx-xxxx-4100,Jennifer Morrison,04/27,GA,jmorrison@email.com,$4211.88
4111-xxxx-xxxx-1111,David Kowalski,08/26,IL,dkowalski@webmail.net,$891.22
5500-xxxx-xxxx-0004,Sandra Lee,02/28,CA,slee@fastmail.com,$12440.00
4222-xxxx-xxxx-2222,Antonio Rivera,11/25,NY,arivera@mail.net,$3108.75
3714-xxxx-xxxx-963,Patricia Dumont,06/27,MA,pdumont@emailbox.com,$6782.50
-- 11451 additional records --
TOTAL RECORDS EXPORTED: 11456
METHOD: mysqldump via DBA credentials piped to card_export.csv
EXFIL: Sent via encrypted email to lzhang@personalbox.io on 2024-05-20
